,length,time,memory_num,visited_num
count,100.0,100.0,100.0,100.0
mean,3.77,0.19031021356582642,1234.62,1241.1
std,1.0811049342167847,0.10993759184165652,718.863269054665,719.0755920421072
min,1.0,0.005228996276855469,24.0,29.0
25%,3.0,0.09225255250930786,602.25,606.5
50%,4.0,0.20315074920654297,1318.0,1329.5
75%,4.0,0.27396154403686523,1777.0,1785.0
max,6.0,0.36678504943847656,2365.0,2370.0
