,length,time,memory_num,visited_num
count,10.0,10.0,10.0,10.0
mean,3.8,0.015415477752685546,94.0,177.4
std,0.9189365834726815,0.005336986796570569,37.86819245752297,54.843616057133055
min,3.0,0.00496220588684082,25.0,51.0
25%,3.0,0.012985587120056152,74.5,156.75
50%,3.5,0.015988707542419434,92.0,187.5
75%,4.75,0.01987212896347046,106.0,218.5
max,5.0,0.022002220153808594,155.0,233.0
