,length,time,memory_num,visited_num
count,100.0,100.0,100.0,100.0
mean,3.77,0.01730363130569458,111.16,193.38
std,0.722719331637969,0.006500694468112411,46.230367386457885,62.38213613760679
min,2.0,0.003086566925048828,32.0,48.0
25%,3.0,0.012701928615570068,72.75,152.5
50%,4.0,0.017670869827270508,101.0,200.5
75%,4.0,0.022288918495178223,154.25,231.75
max,5.0,0.029955625534057617,201.0,311.0
