,length,time,memory_num,visited_num
count,100.0,100.0,100.0,100.0
mean,2.81,0.0019129252433776856,4.66,8.99
std,0.8841477092189811,0.0007679373790686336,1.8974730671090008,3.4538662277499865
min,1.0,0.0004565715789794922,2.0,4.0
25%,2.0,0.0014080405235290527,3.0,6.0
50%,3.0,0.0018639564514160156,4.0,9.0
75%,3.0,0.0023919343948364258,7.0,11.0
max,4.0,0.0037119388580322266,7.0,17.0
