,length,time,memory_num,visited_num
count,10.0,10.0,10.0,10.0
mean,4.4,0.008167386054992676,53.3,73.5
std,1.2649110640673518,0.0036327928170038857,29.664981225531076,33.18717958623313
min,2.0,0.0019145011901855469,3.0,8.0
25%,4.0,0.00651627779006958,33.25,55.75
50%,4.5,0.008610248565673828,53.5,74.5
75%,5.0,0.010451555252075195,71.5,95.5
max,6.0,0.012536764144897461,93.0,124.0
